{"cameraMode":{"drawMode":0,"name":"Shaded","section":"Shading Mode"},"sceneLighting":true,"audioPlay":false,"sceneViewState":{"m_AlwaysRefresh":false,"showFog":true,"showSkybox":true,"showFlares":true,"showImageEffects":true,"showParticleSystems":true,"showVisualEffectGraphs":true,"m_FxEnabled":true},"in2DMode":false,"pivot":{"x":-2.351200580596924,"y":-0.5444043874740601,"z":-1.9197919368743897},"rotation":{"x":0.16725708544254304,"y":-0.1000247374176979,"z":0.016742940992116929,"w":0.9806307554244995},"size":5.900214195251465,"orthographic":false}